{"options":{"awareOfChrome":false,"check_for_updates":true,"comment":null,"compat_arrayleft":false,"compat_foreach":false,"compat_forvarin":false,"compat_metadata":false,"compat_uW_gmonkey":false,"compat_wrappedjsobject":false,"compatopts_for_requires":true,"noframes":null,"override":{"merge_connects":true,"merge_excludes":true,"merge_includes":true,"merge_matches":true,"orig_excludes":["htt*://*static*.facebook.com*","htt*://*channel*.facebook.com*","htt*://developers.facebook.com/*","htt*://upload.facebook.com/*","htt*://*onnect.facebook.com/*","htt*://*acebook.com/connect*","htt*://*.facebook.com/plugins/*","htt*://*.facebook.com/l.php*","htt*://*.facebook.com/ai.php*","htt*://*.facebook.com/extern/*","htt*://*.facebook.com/pagelet/*","htt*://api.facebook.com/static/*","htt*://*.facebook.com/contact_importer/*","htt*://*.facebook.com/ajax/*","htt*://www.facebook.com/places/map*_iframe.php*","https://www.facebook.com/xti.php","https://*.ak.facebook.com/*","https://www.facebook.com/ajax/pagelet/generic.php/*","https://www.facebook.com/*/plugins/*","https://www.facebook.com/xti.php*"],"orig_includes":["htt*://*.facebook.com/*","htt*://*.facebook.com/*/*","htt*://instagram.com/*","htt*://*.instagram.com/*","htt*://twitter.com/*","htt*://*.weibo.com/*","htt*://weibo.com/*","htt*://www.pinterest.com/*","htt*://www.pinterest.*/*","htt*://ask.fm/*"],"orig_matches":[],"orig_noframes":null,"orig_run_at":"document-idle","use_blockers":[],"use_connects":[],"use_excludes":["/(^[^:\\/#\\?]*:\\/\\/([^#\\?\\/]*\\.)?www\\.facebook\\.com(:[0-9]{1,5})?\\/.*$)/"],"use_includes":[],"use_matches":[]},"run_at":null},"settings":{"enabled":false,"position":38},"meta":{"name":"DownAlbum","uuid":"2c5cab75-e2b7-4772-b426-fff99811f2a4","modified":1554160909229,"file_url":"https://raw.githubusercontent.com/inDream/DownAlbum/master/DownAlbum.user.js"}}