{"data":{"country":"s{\"w\":\"in\"}","dblTrack":"s{\"w\":\"c4fd81f6-1a24-4711-b609-39b72c6df237,1530183790035\"}","dprm":"n1528988097856","gmNativeDownload":"s{\"w\":1}","liteStorage":"s{\"w\":{\"countryTimeout\":1530270128,\"lastVersion\":\"7.69.2\",\"lastVersionExpire\":1530513877,\"fromIdTimeout\":1529009697,\"trackTimeout\":1530226939,\"countryExpire\":1530442939,\"fromId\":-1}}","onceShowYtTooltip":"s{\"w\":1}","onceShowYtTutorial":"s{\"w\":1}","onceTrackAviaBar":"s{\"w\":0}","showUmmyBtn":"s{\"w\":1}","showUmmyLanding":"s{\"w\":1}","statEnabled":"s{\"w\":0}","ummyDetected":"s{\"w\":0}","uuid":"s{\"w\":\"50b6b145-56e5-43ec-82d8-119f29a719c3\"}","version":"s{\"w\":\"7.15.14\"}","ytHideFLV":"s{\"w\":1}","ytHideMP4":"s{\"w\":1}"},"ts":1558990026025}