{"options":{"awareOfChrome":false,"check_for_updates":true,"comment":null,"compat_arrayleft":false,"compat_foreach":false,"compat_forvarin":false,"compat_metadata":false,"compat_uW_gmonkey":false,"compat_wrappedjsobject":false,"compatopts_for_requires":true,"noframes":null,"override":{"merge_connects":true,"merge_excludes":true,"merge_includes":true,"merge_matches":true,"orig_connects":[],"orig_excludes":[],"orig_includes":[],"orig_matches":["*://*.gaana.com/*"],"orig_noframes":null,"orig_run_at":"document-start","use_blockers":[],"use_connects":[],"use_excludes":[],"use_includes":[],"use_matches":[]},"run_at":null},"settings":{"enabled":true,"position":60},"meta":{"name":"Gaana Dark Auto-Enable & Auto-Play","uuid":"576ffba8-9ce1-4950-89d5-8c076a1b8b5f","modified":1583850358436,"file_url":"https://openuserjs.org/install/navchandar/Gaana_Dark_Auto-Enable_Auto-Play.user.js"}}