{"options":{"awareOfChrome":false,"check_for_updates":true,"comment":null,"compat_arrayleft":false,"compat_foreach":false,"compat_forvarin":false,"compat_metadata":false,"compat_uW_gmonkey":false,"compat_wrappedjsobject":false,"compatopts_for_requires":true,"noframes":null,"override":{"merge_connects":true,"merge_excludes":true,"merge_includes":true,"merge_matches":true,"orig_excludes":["https://www.gsmarena.com/*"],"orig_includes":["*"],"orig_matches":["http://*/*"],"orig_noframes":null,"orig_run_at":"document-idle","use_blockers":[],"use_connects":[],"use_excludes":["/(^[^:\\/#\\?]*:\\/\\/([^#\\?\\/]*\\.)?jsbin\\.com(:[0-9]{1,5})?\\/.*$)/"],"use_includes":[],"use_matches":[]},"run_at":null},"settings":{"enabled":false,"position":31},"meta":{"name":"Give it a break dude","uuid":"74b57e81-cdf1-4bf2-961f-b68619322105","modified":1526386813962}}