{"options":{"awareOfChrome":false,"check_for_updates":true,"comment":null,"compat_arrayleft":false,"compat_foreach":false,"compat_forvarin":false,"compat_metadata":false,"compat_uW_gmonkey":false,"compat_wrappedjsobject":false,"compatopts_for_requires":true,"noframes":null,"override":{"merge_connects":true,"merge_excludes":true,"merge_includes":true,"merge_matches":true,"orig_connects":[],"orig_excludes":[],"orig_includes":[],"orig_matches":["https://www.indiapost.gov.in/_layouts/15/dop.portal.tracking/trackconsignment.aspx","https://www.indiapost.gov.in/_layouts/15/DOP.Portal.Tracking/TrackConsignment.aspx"],"orig_noframes":null,"orig_run_at":"document-idle","use_blockers":[],"use_connects":[],"use_excludes":[],"use_includes":[],"use_matches":[]},"run_at":null},"settings":{"enabled":true,"position":79},"meta":{"name":"Track WES Post - Sathya OU","uuid":"b2c4ab03-69ee-4c5e-a2ee-e99890dc608c","modified":1578051600419}}