{"options":{"awareOfChrome":false,"check_for_updates":true,"comment":null,"compat_arrayleft":false,"compat_foreach":false,"compat_forvarin":false,"compat_metadata":false,"compat_uW_gmonkey":false,"compat_wrappedjsobject":false,"compatopts_for_requires":true,"noframes":null,"override":{"merge_connects":true,"merge_excludes":true,"merge_includes":true,"merge_matches":true,"orig_excludes":["https://www.youtube.com/embed/*","http://www.youtube.com/embed/*","https://www.youtube.com/user/*","http://www.youtube.com/user/*"],"orig_includes":["http://www.youtube.com/*","https://www.youtube.com/*"],"orig_matches":[],"orig_noframes":null,"orig_run_at":"document-idle","use_blockers":[],"use_connects":[],"use_excludes":[],"use_includes":[],"use_matches":[]},"run_at":null},"settings":{"enabled":true,"position":41},"meta":{"name":"YouTube Adfriend","uuid":"274b4648-531c-4f7b-ac6c-765ab0bee787","modified":1550090159912,"file_url":"https://openuserjs.org/install/Ryunigia/YouTube_Adfriend.user.js"}}