{"options":{"awareOfChrome":false,"check_for_updates":true,"comment":null,"compat_arrayleft":false,"compat_foreach":false,"compat_forvarin":false,"compat_metadata":false,"compat_uW_gmonkey":false,"compat_wrappedjsobject":false,"compatopts_for_requires":true,"noframes":null,"override":{"merge_connects":true,"merge_excludes":true,"merge_includes":true,"merge_matches":true,"orig_excludes":[],"orig_includes":["http://www.youtube.com/*","https://www.youtube.com/*","http://youtube.com/*","https://youtube.com/*","http://apis.google.com/*/widget/render/comments?*","https://apis.google.com/*/widget/render/comments?*","http://plus.googleapis.com/*/widget/render/comments?*","https://plus.googleapis.com/*/widget/render/comments?*"],"orig_matches":[],"orig_noframes":null,"orig_run_at":"document-idle","use_blockers":[],"use_connects":[],"use_excludes":[],"use_includes":[],"use_matches":[]},"run_at":null},"settings":{"enabled":true,"position":40},"meta":{"name":"Youtube Ads Remover","uuid":"96abef14-7fb0-4b90-a713-1281771bef6a","modified":1531319924385,"file_url":"https://openuserjs.org/install/rzvpopescu/Youtube_Ads_Remover.user.js"}}